Q-2,Q-1,Q,Q+1,Q+2
0.414285714,0.527214286,0.575642857,0.665785714,7.918928571
0.527214286,0.575642857,0.665785714,7.918928571,9.548571429
0.575642857,0.665785714,7.918928571,9.548571429,4.303285714
0.665785714,7.918928571,9.548571429,4.303285714,5.088285714
7.918928571,9.548571429,4.303285714,5.088285714,7.330071429
9.548571429,4.303285714,5.088285714,7.330071429,3.408142857
4.303285714,5.088285714,7.330071429,3.408142857,1.531785714
5.088285714,7.330071429,3.408142857,1.531785714,1.186714286
7.330071429,3.408142857,1.531785714,1.186714286,0.929571429
3.408142857,1.531785714,1.186714286,0.929571429,0.751214286
1.531785714,1.186714286,0.929571429,0.751214286,0.452642857
1.186714286,0.929571429,0.751214286,0.452642857,0.357428571
0.929571429,0.751214286,0.452642857,0.357428571,0.319571429
0.751214286,0.452642857,0.357428571,0.319571429,0.355428571
0.452642857,0.357428571,0.319571429,0.355428571,0.392714286
0.357428571,0.319571429,0.355428571,0.392714286,0.3625
0.319571429,0.355428571,0.392714286,0.3625,1.635428571
0.355428571,0.392714286,0.3625,1.635428571,0.848285714
0.392714286,0.3625,1.635428571,0.848285714,0.660571429
0.3625,1.635428571,0.848285714,0.660571429,0.554785714
1.635428571,0.848285714,0.660571429,0.554785714,0.491428571
0.848285714,0.660571429,0.554785714,0.491428571,0.494714286
0.660571429,0.554785714,0.491428571,0.494714286,0.496928571
0.554785714,0.491428571,0.494714286,0.496928571,0.506214286
0.491428571,0.494714286,0.496928571,0.506214286,0.483285714
0.494714286,0.496928571,0.506214286,0.483285714,0.508142857
0.496928571,0.506214286,0.483285714,0.508142857,0.48
0.506214286,0.483285714,0.508142857,0.48,0.881357143
0.483285714,0.508142857,0.48,0.881357143,0.756928571
0.508142857,0.48,0.881357143,0.756928571,0.599857143
0.48,0.881357143,0.756928571,0.599857143,1.805357143
0.881357143,0.756928571,0.599857143,1.805357143,1.462714286
0.756928571,0.599857143,1.805357143,1.462714286,0.134071429
0.599857143,1.805357143,1.462714286,0.134071429,0.106071429
1.805357143,1.462714286,0.134071429,0.106071429,0.111785714
1.462714286,0.134071429,0.106071429,0.111785714,0.105214286
0.134071429,0.106071429,0.111785714,0.105214286,0.175428571
0.106071429,0.111785714,0.105214286,0.175428571,0.080928571
0.111785714,0.105214286,0.175428571,0.080928571,0.085928571
0.105214286,0.175428571,0.080928571,0.085928571,0.096714286
0.175428571,0.080928571,0.085928571,0.096714286,0.133785714
0.080928571,0.085928571,0.096714286,0.133785714,0.100428571
0.085928571,0.096714286,0.133785714,0.100428571,0.0895
0.096714286,0.133785714,0.100428571,0.0895,0.076785714
0.133785714,0.100428571,0.0895,0.076785714,0.077214286
0.100428571,0.0895,0.076785714,0.077214286,0.094428571
0.0895,0.076785714,0.077214286,0.094428571,0.241428571
0.076785714,0.077214286,0.094428571,0.241428571,0.309428571
0.077214286,0.094428571,0.241428571,0.309428571,0.362928571
0.094428571,0.241428571,0.309428571,0.362928571,0.284071429
0.241428571,0.309428571,0.362928571,0.284071429,0.353785714
0.309428571,0.362928571,0.284071429,0.353785714,0.389785714
0.362928571,0.284071429,0.353785714,0.389785714,0.537642857
0.284071429,0.353785714,0.389785714,0.537642857,1.262928571
0.353785714,0.389785714,0.537642857,1.262928571,1.389714286
0.389785714,0.537642857,1.262928571,1.389714286,2.3915
0.537642857,1.262928571,1.389714286,2.3915,4.730642857
1.262928571,1.389714286,2.3915,4.730642857,1.736142857
1.389714286,2.3915,4.730642857,1.736142857,1.369571429
2.3915,4.730642857,1.736142857,1.369571429,0.233428571
4.730642857,1.736142857,1.369571429,0.233428571,0.160571429
1.736142857,1.369571429,0.233428571,0.160571429,0.154214286
1.369571429,0.233428571,0.160571429,0.154214286,0.115
0.233428571,0.160571429,0.154214286,0.115,0.139857143
0.160571429,0.154214286,0.115,0.139857143,0.079285714
0.154214286,0.115,0.139857143,0.079285714,0.083714286
0.115,0.139857143,0.079285714,0.083714286,0.088571429
0.139857143,0.079285714,0.083714286,0.088571429,0.094285714
0.079285714,0.083714286,0.088571429,0.094285714,0.089071429
0.083714286,0.088571429,0.094285714,0.089071429,0.106357143
0.088571429,0.094285714,0.089071429,0.106357143,0.254928571
0.094285714,0.089071429,0.106357143,0.254928571,0.589785714
0.089071429,0.106357143,0.254928571,0.589785714,0.490428571
0.106357143,0.254928571,0.589785714,0.490428571,0.425571429
0.254928571,0.589785714,0.490428571,0.425571429,0.411071429
0.589785714,0.490428571,0.425571429,0.411071429,0.484071429
0.490428571,0.425571429,0.411071429,0.484071429,0.580714286
0.425571429,0.411071429,0.484071429,0.580714286,0.560928571
0.411071429,0.484071429,0.580714286,0.560928571,0.962642857
0.484071429,0.580714286,0.560928571,0.962642857,1.6735
0.580714286,0.560928571,0.962642857,1.6735,4.824928571
0.560928571,0.962642857,1.6735,4.824928571,8.721857143
0.962642857,1.6735,4.824928571,8.721857143,7.292642857
1.6735,4.824928571,8.721857143,7.292642857,4.575857143
4.824928571,8.721857143,7.292642857,4.575857143,4.497357143
8.721857143,7.292642857,4.575857143,4.497357143,1.922071429
7.292642857,4.575857143,4.497357143,1.922071429,1.067928571
4.575857143,4.497357143,1.922071429,1.067928571,0.629714286
4.497357143,1.922071429,1.067928571,0.629714286,0.442857143
1.922071429,1.067928571,0.629714286,0.442857143,0.856357143
1.067928571,0.629714286,0.442857143,0.856357143,0.318357143
0.629714286,0.442857143,0.856357143,0.318357143,0.344714286
0.442857143,0.856357143,0.318357143,0.344714286,0.314428571
0.856357143,0.318357143,0.344714286,0.314428571,0.358142857
0.318357143,0.344714286,0.314428571,0.358142857,0.715857143
0.344714286,0.314428571,0.358142857,0.715857143,0.518428571
0.314428571,0.358142857,0.715857143,0.518428571,1.482714286
0.358142857,0.715857143,0.518428571,1.482714286,0.619071429
0.715857143,0.518428571,1.482714286,0.619071429,0.813428571
0.518428571,1.482714286,0.619071429,0.813428571,0.714857143
1.482714286,0.619071429,0.813428571,0.714857143,0.916357143
0.619071429,0.813428571,0.714857143,0.916357143,0.855214286
0.813428571,0.714857143,0.916357143,0.855214286,0.892214286
0.714857143,0.916357143,0.855214286,0.892214286,1.430214286
0.916357143,0.855214286,0.892214286,1.430214286,3.433428571
0.855214286,0.892214286,1.430214286,3.433428571,3.690071429
0.892214286,1.430214286,3.433428571,3.690071429,3.686928571
1.430214286,3.433428571,3.690071429,3.686928571,2.123357143
3.433428571,3.690071429,3.686928571,2.123357143,3.5715
3.690071429,3.686928571,2.123357143,3.5715,2.476285714
3.686928571,2.123357143,3.5715,2.476285714,0.804428571
2.123357143,3.5715,2.476285714,0.804428571,0.419285714
3.5715,2.476285714,0.804428571,0.419285714,0.328142857
2.476285714,0.804428571,0.419285714,0.328142857,0.203214286
0.804428571,0.419285714,0.328142857,0.203214286,0.418642857
0.419285714,0.328142857,0.203214286,0.418642857,0.114
0.328142857,0.203214286,0.418642857,0.114,0.126142857
0.203214286,0.418642857,0.114,0.126142857,0.152285714
0.418642857,0.114,0.126142857,0.152285714,0.153428571
0.114,0.126142857,0.152285714,0.153428571,0.182857143
0.126142857,0.152285714,0.153428571,0.182857143,0.173571429
0.152285714,0.153428571,0.182857143,0.173571429,0.236214286
0.153428571,0.182857143,0.173571429,0.236214286,0.402785714
0.182857143,0.173571429,0.236214286,0.402785714,0.447285714
0.173571429,0.236214286,0.402785714,0.447285714,0.441714286
0.236214286,0.402785714,0.447285714,0.441714286,0.525285714
0.402785714,0.447285714,0.441714286,0.525285714,0.567642857
0.447285714,0.441714286,0.525285714,0.567642857,0.545714286
0.441714286,0.525285714,0.567642857,0.545714286,0.4735
0.525285714,0.567642857,0.545714286,0.4735,0.553642857
0.567642857,0.545714286,0.4735,0.553642857,0.700357143
0.545714286,0.4735,0.553642857,0.700357143,2.071714286
0.4735,0.553642857,0.700357143,2.071714286,3.892714286
0.553642857,0.700357143,2.071714286,3.892714286,2.463928571
0.700357143,2.071714286,3.892714286,2.463928571,2.204571429
2.071714286,3.892714286,2.463928571,2.204571429,0.904571429
3.892714286,2.463928571,2.204571429,0.904571429,0.520714286
2.463928571,2.204571429,0.904571429,0.520714286,1.195214286
2.204571429,0.904571429,0.520714286,1.195214286,0.303285714
0.904571429,0.520714286,1.195214286,0.303285714,0.9675
0.520714286,1.195214286,0.303285714,0.9675,2.039714286
1.195214286,0.303285714,0.9675,2.039714286,0.064928571
0.303285714,0.9675,2.039714286,0.064928571,0.186071429
0.9675,2.039714286,0.064928571,0.186071429,0.1365
2.039714286,0.064928571,0.186071429,0.1365,0.172928571
0.064928571,0.186071429,0.1365,0.172928571,0.607785714
0.186071429,0.1365,0.172928571,0.607785714,0.593071429
0.1365,0.172928571,0.607785714,0.593071429,0.692571429
0.172928571,0.607785714,0.593071429,0.692571429,0.443714286
0.607785714,0.593071429,0.692571429,0.443714286,0.415785714
0.593071429,0.692571429,0.443714286,0.415785714,0.514
0.692571429,0.443714286,0.415785714,0.514,1.101357143
0.443714286,0.415785714,0.514,1.101357143,0.5775
0.415785714,0.514,1.101357143,0.5775,0.530714286
0.514,1.101357143,0.5775,0.530714286,0.5105
1.101357143,0.5775,0.530714286,0.5105,0.616071429
0.5775,0.530714286,0.5105,0.616071429,1.104571429
0.530714286,0.5105,0.616071429,1.104571429,0.993642857
0.5105,0.616071429,1.104571429,0.993642857,1.443357143
0.616071429,1.104571429,0.993642857,1.443357143,1.923428571
1.104571429,0.993642857,1.443357143,1.923428571,2.022214286
0.993642857,1.443357143,1.923428571,2.022214286,4.368142857
1.443357143,1.923428571,2.022214286,4.368142857,1.888642857
1.923428571,2.022214286,4.368142857,1.888642857,1.519142857
2.022214286,4.368142857,1.888642857,1.519142857,0.284
4.368142857,1.888642857,1.519142857,0.284,0.218571429
1.888642857,1.519142857,0.284,0.218571429,0.154071429
1.519142857,0.284,0.218571429,0.154071429,0.132928571
0.284,0.218571429,0.154071429,0.132928571,0.145142857
0.218571429,0.154071429,0.132928571,0.145142857,0.2025
0.154071429,0.132928571,0.145142857,0.2025,0.142
0.132928571,0.145142857,0.2025,0.142,0.240857143
0.145142857,0.2025,0.142,0.240857143,0.314857143
0.2025,0.142,0.240857143,0.314857143,0.3075
0.142,0.240857143,0.314857143,0.3075,0.262857143
0.240857143,0.314857143,0.3075,0.262857143,0.302285714
0.314857143,0.3075,0.262857143,0.302285714,0.441642857
0.3075,0.262857143,0.302285714,0.441642857,0.483428571
0.262857143,0.302285714,0.441642857,0.483428571,0.472857143
0.302285714,0.441642857,0.483428571,0.472857143,0.524071429
0.441642857,0.483428571,0.472857143,0.524071429,0.395571429
0.483428571,0.472857143,0.524071429,0.395571429,0.425357143
0.472857143,0.524071429,0.395571429,0.425357143,0.610714286
0.524071429,0.395571429,0.425357143,0.610714286,0.632714286
0.395571429,0.425357143,0.610714286,0.632714286,1.351357143
0.425357143,0.610714286,0.632714286,1.351357143,2.039928571
0.610714286,0.632714286,1.351357143,2.039928571,4.226142857
0.632714286,1.351357143,2.039928571,4.226142857,4.204071429
1.351357143,2.039928571,4.226142857,4.204071429,2.160357143
2.039928571,4.226142857,4.204071429,2.160357143,0.251
4.226142857,4.204071429,2.160357143,0.251,0.251
4.204071429,2.160357143,0.251,0.251,0.251
2.160357143,0.251,0.251,0.251,0.251
0.251,0.251,0.251,0.251,0.251
0.251,0.251,0.251,0.251,0.251
0.251,0.251,0.251,0.251,0.251
0.251,0.251,0.251,0.251,0.251
0.251,0.251,0.251,0.251,0.216785714
0.251,0.251,0.251,0.216785714,0.166785714
0.251,0.251,0.216785714,0.166785714,0.221285714
0.251,0.216785714,0.166785714,0.221285714,0.287642857
0.216785714,0.166785714,0.221285714,0.287642857,0.385928571
0.166785714,0.221285714,0.287642857,0.385928571,0.452714286
0.221285714,0.287642857,0.385928571,0.452714286,0.485214286
0.287642857,0.385928571,0.452714286,0.485214286,0.568785714
0.385928571,0.452714286,0.485214286,0.568785714,0.484357143
0.452714286,0.485214286,0.568785714,0.484357143,0.445357143
0.485214286,0.568785714,0.484357143,0.445357143,0.469071429
0.568785714,0.484357143,0.445357143,0.469071429,0.654214286
0.484357143,0.445357143,0.469071429,0.654214286,1.546142857
0.445357143,0.469071429,0.654214286,1.546142857,1.436357143
0.469071429,0.654214286,1.546142857,1.436357143,1.471642857
0.654214286,1.546142857,1.436357143,1.471642857,1.357357143
1.546142857,1.436357143,1.471642857,1.357357143,0.711714286
1.436357143,1.471642857,1.357357143,0.711714286,2.385071429
1.471642857,1.357357143,0.711714286,2.385071429,1.815285714
1.357357143,0.711714286,2.385071429,1.815285714,0.294285714
0.711714286,2.385071429,1.815285714,0.294285714,0.220571429
2.385071429,1.815285714,0.294285714,0.220571429,0.231142857
1.815285714,0.294285714,0.220571429,0.231142857,0.732071429
0.294285714,0.220571429,0.231142857,0.732071429,0.255785714
0.220571429,0.231142857,0.732071429,0.255785714,0.200428571
0.231142857,0.732071429,0.255785714,0.200428571,0.153142857
0.732071429,0.255785714,0.200428571,0.153142857,0.135785714
0.255785714,0.200428571,0.153142857,0.135785714,0.145714286
0.200428571,0.153142857,0.135785714,0.145714286,0.396428571
0.153142857,0.135785714,0.145714286,0.396428571,0.418571429
0.135785714,0.145714286,0.396428571,0.418571429,0.754285714
0.145714286,0.396428571,0.418571429,0.754285714,0.439285714
0.396428571,0.418571429,0.754285714,0.439285714,0.428571429
0.418571429,0.754285714,0.439285714,0.428571429,0.410714286
0.754285714,0.439285714,0.428571429,0.410714286,0.418571429
0.439285714,0.428571429,0.410714286,0.418571429,0.829285714
0.428571429,0.410714286,0.418571429,0.829285714,0.603571429
0.410714286,0.418571429,0.829285714,0.603571429,0.605714286
0.418571429,0.829285714,0.603571429,0.605714286,1.075
0.829285714,0.603571429,0.605714286,1.075,1.603571429
0.603571429,0.605714286,1.075,1.603571429,1.442142857
0.605714286,1.075,1.603571429,1.442142857,0.986428571
1.075,1.603571429,1.442142857,0.986428571,0.88
1.603571429,1.442142857,0.986428571,0.88,0.294285714
1.442142857,0.986428571,0.88,0.294285714,0.184285714
0.986428571,0.88,0.294285714,0.184285714,0.157857143
0.88,0.294285714,0.184285714,0.157857143,0.171428571
0.294285714,0.184285714,0.157857143,0.171428571,0.164285714
0.184285714,0.157857143,0.171428571,0.164285714,0.147857143
0.157857143,0.171428571,0.164285714,0.147857143,0.084285714
0.171428571,0.164285714,0.147857143,0.084285714,0.082928571
0.164285714,0.147857143,0.084285714,0.082928571,0.078571429
0.147857143,0.084285714,0.082928571,0.078571429,0.074357143
0.084285714,0.082928571,0.078571429,0.074357143,0.060714286
0.082928571,0.078571429,0.074357143,0.060714286,0.074285714
0.078571429,0.074357143,0.060714286,0.074285714,0.08
0.074357143,0.060714286,0.074285714,0.08,0.143571429
0.060714286,0.074285714,0.08,0.143571429,0.090714286
0.074285714,0.08,0.143571429,0.090714286,0.385
0.08,0.143571429,0.090714286,0.385,0.043571429
0.143571429,0.090714286,0.385,0.043571429,0.078571429
0.090714286,0.385,0.043571429,0.078571429,0.106428571
0.385,0.043571429,0.078571429,0.106428571,0.152857143
0.043571429,0.078571429,0.106428571,0.152857143,0.397857143
0.078571429,0.106428571,0.152857143,0.397857143,0.477142857
0.106428571,0.152857143,0.397857143,0.477142857,0.822857143
0.152857143,0.397857143,0.477142857,0.822857143,2.016428571
0.397857143,0.477142857,0.822857143,2.016428571,1.625
0.477142857,0.822857143,2.016428571,1.625,2.117142857
0.822857143,2.016428571,1.625,2.117142857,1.055714286
2.016428571,1.625,2.117142857,1.055714286,1.02
1.625,2.117142857,1.055714286,1.02,0.29
2.117142857,1.055714286,1.02,0.29,0.157857143
1.055714286,1.02,0.29,0.157857143,0.126428571
1.02,0.29,0.157857143,0.126428571,0.1
0.29,0.157857143,0.126428571,0.1,0.085714286
0.157857143,0.126428571,0.1,0.085714286,0.056428571
0.126428571,0.1,0.085714286,0.056428571,0.062142857
0.1,0.085714286,0.056428571,0.062142857,0.085
0.085714286,0.056428571,0.062142857,0.085,0.093571429
0.056428571,0.062142857,0.085,0.093571429,0.085
0.062142857,0.085,0.093571429,0.085,0.163571429
0.085,0.093571429,0.085,0.163571429,0.255
0.093571429,0.085,0.163571429,0.255,0.287857143
0.085,0.163571429,0.255,0.287857143,0.381428571
0.163571429,0.255,0.287857143,0.381428571,0.334285714
0.255,0.287857143,0.381428571,0.334285714,0.426428571
0.287857143,0.381428571,0.334285714,0.426428571,0.432857143
0.381428571,0.334285714,0.426428571,0.432857143,0.502857143
0.334285714,0.426428571,0.432857143,0.502857143,0.585714286
0.426428571,0.432857143,0.502857143,0.585714286,0.633571429
0.432857143,0.502857143,0.585714286,0.633571429,3.319285714
0.502857143,0.585714286,0.633571429,3.319285714,6.555
0.585714286,0.633571429,3.319285714,6.555,5.486428571
0.633571429,3.319285714,6.555,5.486428571,2.78
3.319285714,6.555,5.486428571,2.78,0.797857143
6.555,5.486428571,2.78,0.797857143,0.487142857
5.486428571,2.78,0.797857143,0.487142857,0.251428571
2.78,0.797857143,0.487142857,0.251428571,0.199285714
0.797857143,0.487142857,0.251428571,0.199285714,0.172142857
0.487142857,0.251428571,0.199285714,0.172142857,0.151428571
0.251428571,0.199285714,0.172142857,0.151428571,0.131428571
0.199285714,0.172142857,0.151428571,0.131428571,0.11
0.172142857,0.151428571,0.131428571,0.11,0.103571429
0.151428571,0.131428571,0.11,0.103571429,0.14
0.131428571,0.11,0.103571429,0.14,0.201428571
0.11,0.103571429,0.14,0.201428571,0.189285714
0.103571429,0.14,0.201428571,0.189285714,0.254285714
0.14,0.201428571,0.189285714,0.254285714,0.290714286
0.201428571,0.189285714,0.254285714,0.290714286,0.355
0.189285714,0.254285714,0.290714286,0.355,0.330714286
0.254285714,0.290714286,0.355,0.330714286,0.361428571
0.290714286,0.355,0.330714286,0.361428571,0.372142857
0.355,0.330714286,0.361428571,0.372142857,0.375714286
0.330714286,0.361428571,0.372142857,0.375714286,0.492857143
0.361428571,0.372142857,0.375714286,0.492857143,0.417142857
0.372142857,0.375714286,0.492857143,0.417142857,0.426428571
0.375714286,0.492857143,0.417142857,0.426428571,0.627142857
0.492857143,0.417142857,0.426428571,0.627142857,1.022142857
0.417142857,0.426428571,0.627142857,1.022142857,1.997142857
0.426428571,0.627142857,1.022142857,1.997142857,2.437857143
0.627142857,1.022142857,1.997142857,2.437857143,1.156428571
1.022142857,1.997142857,2.437857143,1.156428571,0.43
1.997142857,2.437857143,1.156428571,0.43,0.249285714
2.437857143,1.156428571,0.43,0.249285714,0.352142857
1.156428571,0.43,0.249285714,0.352142857,0.106428571
0.43,0.249285714,0.352142857,0.106428571,0.106428571
0.249285714,0.352142857,0.106428571,0.106428571,0.095714286
0.352142857,0.106428571,0.106428571,0.095714286,0.057857143
0.106428571,0.106428571,0.095714286,0.057857143,0.037142857
0.106428571,0.095714286,0.057857143,0.037142857,0.054285714
0.095714286,0.057857143,0.037142857,0.054285714,0.064285714
0.057857143,0.037142857,0.054285714,0.064285714,0.070714286
0.037142857,0.054285714,0.064285714,0.070714286,0.066428571
0.054285714,0.064285714,0.070714286,0.066428571,0.193571429
0.064285714,0.070714286,0.066428571,0.193571429,0.23
0.070714286,0.066428571,0.193571429,0.23,0.27
0.066428571,0.193571429,0.23,0.27,0.302857143
0.193571429,0.23,0.27,0.302857143,0.348571429
0.23,0.27,0.302857143,0.348571429,0.282857143
0.27,0.302857143,0.348571429,0.282857143,0.247857143
0.302857143,0.348571429,0.282857143,0.247857143,0.240714286
0.348571429,0.282857143,0.247857143,0.240714286,0.251428571
0.282857143,0.247857143,0.240714286,0.251428571,0.325714286
0.247857143,0.240714286,0.251428571,0.325714286,1.36
0.240714286,0.251428571,0.325714286,1.36,3.036428571
0.251428571,0.325714286,1.36,3.036428571,1.832857143
0.325714286,1.36,3.036428571,1.832857143,0.79
1.36,3.036428571,1.832857143,0.79,0.679285714
3.036428571,1.832857143,0.79,0.679285714,0.055
1.832857143,0.79,0.679285714,0.055,0.02
0.79,0.679285714,0.055,0.02,0.021428571
0.679285714,0.055,0.02,0.021428571,0.025
0.055,0.02,0.021428571,0.025,0.019285714
0.02,0.021428571,0.025,0.019285714,0.024285714
0.021428571,0.025,0.019285714,0.024285714,0.034285714
0.025,0.019285714,0.024285714,0.034285714,0.03
0.019285714,0.024285714,0.034285714,0.03,0.649285714
0.024285714,0.034285714,0.03,0.649285714,1.6
0.034285714,0.03,0.649285714,1.6,0.309285714
0.03,0.649285714,1.6,0.309285714,0.616428571
0.649285714,1.6,0.309285714,0.616428571,0.398571429
1.6,0.309285714,0.616428571,0.398571429,0.284285714
0.309285714,0.616428571,0.398571429,0.284285714,0.385
0.616428571,0.398571429,0.284285714,0.385,0.390714286
0.398571429,0.284285714,0.385,0.390714286,0.532857143
0.284285714,0.385,0.390714286,0.532857143,0.462857143
0.385,0.390714286,0.532857143,0.462857143,0.442857143
0.390714286,0.532857143,0.462857143,0.442857143,0.682142857
0.532857143,0.462857143,0.442857143,0.682142857,1.446428571
0.462857143,0.442857143,0.682142857,1.446428571,3.281428571
0.442857143,0.682142857,1.446428571,3.281428571,7.610714286
0.682142857,1.446428571,3.281428571,7.610714286,4.077857143
1.446428571,3.281428571,7.610714286,4.077857143,4.405
3.281428571,7.610714286,4.077857143,4.405,3.052142857
7.610714286,4.077857143,4.405,3.052142857,1.014285714
4.077857143,4.405,3.052142857,1.014285714,0.422142857
4.405,3.052142857,1.014285714,0.422142857,0.344285714
3.052142857,1.014285714,0.422142857,0.344285714,0.235714286
1.014285714,0.422142857,0.344285714,0.235714286,0.276428571
0.422142857,0.344285714,0.235714286,0.276428571,0.171428571
0.344285714,0.235714286,0.276428571,0.171428571,0.135714286
0.235714286,0.276428571,0.171428571,0.135714286,0.153571429
0.276428571,0.171428571,0.135714286,0.153571429,0.202857143
0.171428571,0.135714286,0.153571429,0.202857143,0.192142857
0.135714286,0.153571429,0.202857143,0.192142857,0.262857143
0.153571429,0.202857143,0.192142857,0.262857143,0.534285714
0.202857143,0.192142857,0.262857143,0.534285714,0.66
0.192142857,0.262857143,0.534285714,0.66,0.652142857
0.262857143,0.534285714,0.66,0.652142857,0.528571429
0.534285714,0.66,0.652142857,0.528571429,0.507142857
0.66,0.652142857,0.528571429,0.507142857,0.413571429
0.652142857,0.528571429,0.507142857,0.413571429,0.563571429
0.528571429,0.507142857,0.413571429,0.563571429,1.021428571
0.507142857,0.413571429,0.563571429,1.021428571,0.724285714
0.413571429,0.563571429,1.021428571,0.724285714,0.698571429
0.563571429,1.021428571,0.724285714,0.698571429,2.21
1.021428571,0.724285714,0.698571429,2.21,1.714285714
0.724285714,0.698571429,2.21,1.714285714,1.351428571
0.698571429,2.21,1.714285714,1.351428571,1.950714286
2.21,1.714285714,1.351428571,1.950714286,1.575
1.714285714,1.351428571,1.950714286,1.575,0.691428571
1.351428571,1.950714286,1.575,0.691428571,0.226428571
1.950714286,1.575,0.691428571,0.226428571,0.38
1.575,0.691428571,0.226428571,0.38,0.325714286
0.691428571,0.226428571,0.38,0.325714286,0.21
0.226428571,0.38,0.325714286,0.21,0.282857143
0.38,0.325714286,0.21,0.282857143,0.354285714
0.325714286,0.21,0.282857143,0.354285714,0.414285714
0.21,0.282857143,0.354285714,0.414285714,0.225714286
0.282857143,0.354285714,0.414285714,0.225714286,0.084285714
0.354285714,0.414285714,0.225714286,0.084285714,0.254285714
0.414285714,0.225714286,0.084285714,0.254285714,0.243571429
0.225714286,0.084285714,0.254285714,0.243571429,0.489285714
0.084285714,0.254285714,0.243571429,0.489285714,0.549285714
0.254285714,0.243571429,0.489285714,0.549285714,0.612857143
0.243571429,0.489285714,0.549285714,0.612857143,0.585714286
0.489285714,0.549285714,0.612857143,0.585714286,0.972142857
0.549285714,0.612857143,0.585714286,0.972142857,0.657142857
0.612857143,0.585714286,0.972142857,0.657142857,0.762142857
0.585714286,0.972142857,0.657142857,0.762142857,0.91
0.972142857,0.657142857,0.762142857,0.91,0.85
0.657142857,0.762142857,0.91,0.85,2.876428571
0.762142857,0.91,0.85,2.876428571,2.540714286
0.91,0.85,2.876428571,2.540714286,1.497857143
0.85,2.876428571,2.540714286,1.497857143,0.746428571
2.876428571,2.540714286,1.497857143,0.746428571,0.271428571
2.540714286,1.497857143,0.746428571,0.271428571,0.254285714
1.497857143,0.746428571,0.271428571,0.254285714,0.206428571
0.746428571,0.271428571,0.254285714,0.206428571,0.117142857
0.271428571,0.254285714,0.206428571,0.117142857,0.081428571
0.254285714,0.206428571,0.117142857,0.081428571,0.163571429
0.206428571,0.117142857,0.081428571,0.163571429,0.16
0.117142857,0.081428571,0.163571429,0.16,0.055
0.081428571,0.163571429,0.16,0.055,0.076428571
0.163571429,0.16,0.055,0.076428571,0.057142857
0.16,0.055,0.076428571,0.057142857,0.075
0.055,0.076428571,0.057142857,0.075,0.072142857
0.076428571,0.057142857,0.075,0.072142857,0.076428571
0.057142857,0.075,0.072142857,0.076428571,0.299285714
0.075,0.072142857,0.076428571,0.299285714,0.416428571
0.072142857,0.076428571,0.299285714,0.416428571,0.390714286
0.076428571,0.299285714,0.416428571,0.390714286,0.361428571
0.299285714,0.416428571,0.390714286,0.361428571,0.309285714
0.416428571,0.390714286,0.361428571,0.309285714,0.403571429
0.390714286,0.361428571,0.309285714,0.403571429,0.438571429
0.361428571,0.309285714,0.403571429,0.438571429,0.402857143
0.309285714,0.403571429,0.438571429,0.402857143,0.650714286
0.403571429,0.438571429,0.402857143,0.650714286,0.975714286
0.438571429,0.402857143,0.650714286,0.975714286,2.057857143
0.402857143,0.650714286,0.975714286,2.057857143,2.134285714
0.650714286,0.975714286,2.057857143,2.134285714,4.419285714
0.975714286,2.057857143,2.134285714,4.419285714,1.029285714
2.057857143,2.134285714,4.419285714,1.029285714,0.578571429
2.134285714,4.419285714,1.029285714,0.578571429,0.387857143
4.419285714,1.029285714,0.578571429,0.387857143,0.238571429
1.029285714,0.578571429,0.387857143,0.238571429,0.167142857
0.578571429,0.387857143,0.238571429,0.167142857,0.079285714
0.387857143,0.238571429,0.167142857,0.079285714,0.030714286
0.238571429,0.167142857,0.079285714,0.030714286,0.03
0.167142857,0.079285714,0.030714286,0.03,0.035714286
0.079285714,0.030714286,0.03,0.035714286,0.038571429
0.030714286,0.03,0.035714286,0.038571429,0.05
0.03,0.035714286,0.038571429,0.05,0.194285714
0.035714286,0.038571429,0.05,0.194285714,0.245
0.038571429,0.05,0.194285714,0.245,0.447142857
0.05,0.194285714,0.245,0.447142857,0.425714286
0.194285714,0.245,0.447142857,0.425714286,0.435
0.245,0.447142857,0.425714286,0.435,0.415714286
0.447142857,0.425714286,0.435,0.415714286,0.431428571
0.425714286,0.435,0.415714286,0.431428571,0.42
0.435,0.415714286,0.431428571,0.42,0.476428571
0.415714286,0.431428571,0.42,0.476428571,0.810714286
0.431428571,0.42,0.476428571,0.810714286,1.202857143
0.42,0.476428571,0.810714286,1.202857143,1.016428571
0.476428571,0.810714286,1.202857143,1.016428571,2.689285714
0.810714286,1.202857143,1.016428571,2.689285714,3.549285714
1.202857143,1.016428571,2.689285714,3.549285714,1.487857143
1.016428571,2.689285714,3.549285714,1.487857143,0.284285714
2.689285714,3.549285714,1.487857143,0.284285714,0.137142857
3.549285714,1.487857143,0.284285714,0.137142857,0.054285714
1.487857143,0.284285714,0.137142857,0.054285714,0.046428571
0.284285714,0.137142857,0.054285714,0.046428571,0.022857143
0.137142857,0.054285714,0.046428571,0.022857143,0.02
0.054285714,0.046428571,0.022857143,0.02,0.527857143
0.046428571,0.022857143,0.02,0.527857143,0.02
0.022857143,0.02,0.527857143,0.02,0.026428571
0.02,0.527857143,0.02,0.026428571,0.017142857
0.527857143,0.02,0.026428571,0.017142857,0.458571429
0.02,0.026428571,0.017142857,0.458571429,1.016428571
0.026428571,0.017142857,0.458571429,1.016428571,0.576428571
0.017142857,0.458571429,1.016428571,0.576428571,0.447857143
0.458571429,1.016428571,0.576428571,0.447857143,0.47
1.016428571,0.576428571,0.447857143,0.47,0.511428571
0.576428571,0.447857143,0.47,0.511428571,0.608571429
0.447857143,0.47,0.511428571,0.608571429,0.564285714
0.47,0.511428571,0.608571429,0.564285714,0.945
0.511428571,0.608571429,0.564285714,0.945,1.026428571
0.608571429,0.564285714,0.945,1.026428571,1.056428571
0.564285714,0.945,1.026428571,1.056428571,1.555
0.945,1.026428571,1.056428571,1.555,1.72
1.026428571,1.056428571,1.555,1.72,3.595
1.056428571,1.555,1.72,3.595,5.832857143
1.555,1.72,3.595,5.832857143,3.907142857
1.72,3.595,5.832857143,3.907142857,0.917857143
3.595,5.832857143,3.907142857,0.917857143,0.374285714
5.832857143,3.907142857,0.917857143,0.374285714,0.260714286
3.907142857,0.917857143,0.374285714,0.260714286,0.400714286
0.917857143,0.374285714,0.260714286,0.400714286,2.427857143
0.374285714,0.260714286,0.400714286,2.427857143,0.150714286
0.260714286,0.400714286,2.427857143,0.150714286,0.062857143
0.400714286,2.427857143,0.150714286,0.062857143,1.015
2.427857143,0.150714286,0.062857143,1.015,0.137142857
0.150714286,0.062857143,1.015,0.137142857,0.069285714
0.062857143,1.015,0.137142857,0.069285714,0.216428571
1.015,0.137142857,0.069285714,0.216428571,0.558571429
0.137142857,0.069285714,0.216428571,0.558571429,0.329285714
0.069285714,0.216428571,0.558571429,0.329285714,0.450714286
0.216428571,0.558571429,0.329285714,0.450714286,0.436428571
0.558571429,0.329285714,0.450714286,0.436428571,0.375714286
0.329285714,0.450714286,0.436428571,0.375714286,0.431428571
0.450714286,0.436428571,0.375714286,0.431428571,0.380714286
0.436428571,0.375714286,0.431428571,0.380714286,0.43
0.375714286,0.431428571,0.380714286,0.43,0.485714286
0.431428571,0.380714286,0.43,0.485714286,0.545
0.380714286,0.43,0.485714286,0.545,1.245
0.43,0.485714286,0.545,1.245,2.438571429
0.485714286,0.545,1.245,2.438571429,2.285
0.545,1.245,2.438571429,2.285,1.625
1.245,2.438571429,2.285,1.625,0.976428571
2.438571429,2.285,1.625,0.976428571,0.603571429
2.285,1.625,0.976428571,0.603571429,0.275
1.625,0.976428571,0.603571429,0.275,0.147142857
0.976428571,0.603571429,0.275,0.147142857,0.099285714
0.603571429,0.275,0.147142857,0.099285714,0.063571429
0.275,0.147142857,0.099285714,0.063571429,0.06
0.147142857,0.099285714,0.063571429,0.06,0.044285714
0.099285714,0.063571429,0.06,0.044285714,0.025714286
0.063571429,0.06,0.044285714,0.025714286,0.046428571
0.06,0.044285714,0.025714286,0.046428571,0.072857143
0.044285714,0.025714286,0.046428571,0.072857143,0.076428571
0.025714286,0.046428571,0.072857143,0.076428571,0.095
0.046428571,0.072857143,0.076428571,0.095,1.576428571
0.072857143,0.076428571,0.095,1.576428571,0.247142857
0.076428571,0.095,1.576428571,0.247142857,0.207857143
0.095,1.576428571,0.247142857,0.207857143,0.27
1.576428571,0.247142857,0.207857143,0.27,0.294285714
0.247142857,0.207857143,0.27,0.294285714,0.335714286
0.207857143,0.27,0.294285714,0.335714286,0.303571429
0.27,0.294285714,0.335714286,0.303571429,0.367142857
0.294285714,0.335714286,0.303571429,0.367142857,0.376428571
0.335714286,0.303571429,0.367142857,0.376428571,0.516428571
0.303571429,0.367142857,0.376428571,0.516428571,0.602142857
0.367142857,0.376428571,0.516428571,0.602142857,1.077857143
0.376428571,0.516428571,0.602142857,1.077857143,0.965714286
0.516428571,0.602142857,1.077857143,0.965714286,0.781428571
0.602142857,1.077857143,0.965714286,0.781428571,0.137857143
1.077857143,0.965714286,0.781428571,0.137857143,0.065714286
0.965714286,0.781428571,0.137857143,0.065714286,0.029285714
0.781428571,0.137857143,0.065714286,0.029285714,0.02
0.137857143,0.065714286,0.029285714,0.02,0.02
0.065714286,0.029285714,0.02,0.02,0.02
0.029285714,0.02,0.02,0.02,0.02
0.02,0.02,0.02,0.02,0.02
0.02,0.02,0.02,0.02,0.02
0.02,0.02,0.02,0.02,0.02
0.02,0.02,0.02,0.02,0.035
0.02,0.02,0.02,0.035,0.057857143
0.02,0.02,0.035,0.057857143,0.07
0.02,0.035,0.057857143,0.07,0.07
0.035,0.057857143,0.07,0.07,0.07
0.057857143,0.07,0.07,0.07,0.082857143
0.07,0.07,0.07,0.082857143,0.147142857
0.07,0.07,0.082857143,0.147142857,0.243571429
0.07,0.082857143,0.147142857,0.243571429,0.258571429
0.082857143,0.147142857,0.243571429,0.258571429,0.183571429
0.147142857,0.243571429,0.258571429,0.183571429,0.215714286
0.243571429,0.258571429,0.183571429,0.215714286,0.35
0.258571429,0.183571429,0.215714286,0.35,0.685
0.183571429,0.215714286,0.35,0.685,1.398571429
0.215714286,0.35,0.685,1.398571429,0.991428571
0.35,0.685,1.398571429,0.991428571,0.339285714
0.685,1.398571429,0.991428571,0.339285714,0.14
1.398571429,0.991428571,0.339285714,0.14,0.072142857
0.991428571,0.339285714,0.14,0.072142857,0.034285714
0.339285714,0.14,0.072142857,0.034285714,0.03
0.14,0.072142857,0.034285714,0.03,0.03
0.072142857,0.034285714,0.03,0.03,0.03
0.034285714,0.03,0.03,0.03,0.03
0.03,0.03,0.03,0.03,0.03
0.03,0.03,0.03,0.03,0.03
0.03,0.03,0.03,0.03,0.027857143
0.03,0.03,0.03,0.027857143,0.02
0.03,0.03,0.027857143,0.02,0.042142857
0.03,0.027857143,0.02,0.042142857,0.051428571
0.027857143,0.02,0.042142857,0.051428571,0.044285714
0.02,0.042142857,0.051428571,0.044285714,0.062857143
0.042142857,0.051428571,0.044285714,0.062857143,0.267857143
0.051428571,0.044285714,0.062857143,0.267857143,0.155714286
0.044285714,0.062857143,0.267857143,0.155714286,0.206428571
0.062857143,0.267857143,0.155714286,0.206428571,0.241428571
0.267857143,0.155714286,0.206428571,0.241428571,0.178571429
0.155714286,0.206428571,0.241428571,0.178571429,0.397142857
0.206428571,0.241428571,0.178571429,0.397142857,0.292857143
0.241428571,0.178571429,0.397142857,0.292857143,0.776428571
0.178571429,0.397142857,0.292857143,0.776428571,1.576428571
0.397142857,0.292857143,0.776428571,1.576428571,4.899285714
0.292857143,0.776428571,1.576428571,4.899285714,6.467857143
0.776428571,1.576428571,4.899285714,6.467857143,8.202142857
1.576428571,4.899285714,6.467857143,8.202142857,4.949285714
4.899285714,6.467857143,8.202142857,4.949285714,3.717142857
6.467857143,8.202142857,4.949285714,3.717142857,0.93
8.202142857,4.949285714,3.717142857,0.93,0.547857143
4.949285714,3.717142857,0.93,0.547857143,0.282857143
3.717142857,0.93,0.547857143,0.282857143,0.161428571
0.93,0.547857143,0.282857143,0.161428571,0.160714286
0.547857143,0.282857143,0.161428571,0.160714286,0.154285714
0.282857143,0.161428571,0.160714286,0.154285714,0.176428571
0.161428571,0.160714286,0.154285714,0.176428571,0.220714286
0.160714286,0.154285714,0.176428571,0.220714286,0.262142857
0.154285714,0.176428571,0.220714286,0.262142857,0.295
0.176428571,0.220714286,0.262142857,0.295,0.438571429
0.220714286,0.262142857,0.295,0.438571429,0.512857143
0.262142857,0.295,0.438571429,0.512857143,0.502857143
0.295,0.438571429,0.512857143,0.502857143,0.440714286
0.438571429,0.512857143,0.502857143,0.440714286,0.374285714
0.512857143,0.502857143,0.440714286,0.374285714,0.367857143
0.502857143,0.440714286,0.374285714,0.367857143,0.44
0.440714286,0.374285714,0.367857143,0.44,0.529285714
0.374285714,0.367857143,0.44,0.529285714,1.680714286
0.367857143,0.44,0.529285714,1.680714286,0.976428571
0.44,0.529285714,1.680714286,0.976428571,1.43
0.529285714,1.680714286,0.976428571,1.43,3.391428571
1.680714286,0.976428571,1.43,3.391428571,1.55
0.976428571,1.43,3.391428571,1.55,1.112857143
1.43,3.391428571,1.55,1.112857143,0.647857143
3.391428571,1.55,1.112857143,0.647857143,0.242857143
1.55,1.112857143,0.647857143,0.242857143,0.137857143
1.112857143,0.647857143,0.242857143,0.137857143,0.099285714
0.647857143,0.242857143,0.137857143,0.099285714,0.077857143
0.242857143,0.137857143,0.099285714,0.077857143,0.773571429
0.137857143,0.099285714,0.077857143,0.773571429,0.042857143
0.099285714,0.077857143,0.773571429,0.042857143,0.041428571
0.077857143,0.773571429,0.042857143,0.041428571,0.052142857
0.773571429,0.042857143,0.041428571,0.052142857,0.092857143
0.042857143,0.041428571,0.052142857,0.092857143,0.094285714
0.041428571,0.052142857,0.092857143,0.094285714,0.266428571
0.052142857,0.092857143,0.094285714,0.266428571,0.510714286
0.092857143,0.094285714,0.266428571,0.510714286,0.507142857
0.094285714,0.266428571,0.510714286,0.507142857,0.422857143
0.266428571,0.510714286,0.507142857,0.422857143,0.391428571
0.510714286,0.507142857,0.422857143,0.391428571,0.438571429
0.507142857,0.422857143,0.391428571,0.438571429,0.407142857
0.422857143,0.391428571,0.438571429,0.407142857,0.58
0.391428571,0.438571429,0.407142857,0.58,0.58
0.438571429,0.407142857,0.58,0.58,0.878571429
0.407142857,0.58,0.58,0.878571429,1.027857143
0.58,0.58,0.878571429,1.027857143,1.365714286
0.58,0.878571429,1.027857143,1.365714286,1.845714286
0.878571429,1.027857143,1.365714286,1.845714286,2.162142857
1.027857143,1.365714286,1.845714286,2.162142857,0.997142857
1.365714286,1.845714286,2.162142857,0.997142857,1.382142857
1.845714286,2.162142857,0.997142857,1.382142857,0.415
2.162142857,0.997142857,1.382142857,0.415,0.1
0.997142857,1.382142857,0.415,0.1,0.063571429
1.382142857,0.415,0.1,0.063571429,0.042857143
0.415,0.1,0.063571429,0.042857143,0.025714286
0.1,0.063571429,0.042857143,0.025714286,0.021428571
0.063571429,0.042857143,0.025714286,0.021428571,0.03
0.042857143,0.025714286,0.021428571,0.03,0.016428571
0.025714286,0.021428571,0.03,0.016428571,0.041428571
0.021428571,0.03,0.016428571,0.041428571,0.06
0.03,0.016428571,0.041428571,0.06,0.214285714
0.016428571,0.041428571,0.06,0.214285714,1.375
0.041428571,0.06,0.214285714,1.375,1.599285714
0.06,0.214285714,1.375,1.599285714,0.516428571
0.214285714,1.375,1.599285714,0.516428571,0.615
1.375,1.599285714,0.516428571,0.615,0.618571429
1.599285714,0.516428571,0.615,0.618571429,0.61
0.516428571,0.615,0.618571429,0.61,0.611428571
0.615,0.618571429,0.61,0.611428571,0.662857143
0.618571429,0.61,0.611428571,0.662857143,0.687142857
0.61,0.611428571,0.662857143,0.687142857,0.853571429
0.611428571,0.662857143,0.687142857,0.853571429,1.17
0.662857143,0.687142857,0.853571429,1.17,1.465714286
0.687142857,0.853571429,1.17,1.465714286,2.163571429
0.853571429,1.17,1.465714286,2.163571429,2.38
1.17,1.465714286,2.163571429,2.38,2.222857143
1.465714286,2.163571429,2.38,2.222857143,5.151428571
2.163571429,2.38,2.222857143,5.151428571,1.043571429
2.38,2.222857143,5.151428571,1.043571429,0.323571429
2.222857143,5.151428571,1.043571429,0.323571429,0.15
5.151428571,1.043571429,0.323571429,0.15,0.072142857
1.043571429,0.323571429,0.15,0.072142857,0.07
0.323571429,0.15,0.072142857,0.07,0.072857143
0.15,0.072142857,0.07,0.072857143,0.092142857
0.072142857,0.07,0.072857143,0.092142857,0.065714286
0.07,0.072857143,0.092142857,0.065714286,0.080714286
0.072857143,0.092142857,0.065714286,0.080714286,0.180714286
0.092142857,0.065714286,0.080714286,0.180714286,0.242857143
0.065714286,0.080714286,0.180714286,0.242857143,0.345
0.080714286,0.180714286,0.242857143,0.345,0.363571429
0.180714286,0.242857143,0.345,0.363571429,0.330714286
0.242857143,0.345,0.363571429,0.330714286,0.422142857
0.345,0.363571429,0.330714286,0.422142857,0.340714286
0.363571429,0.330714286,0.422142857,0.340714286,0.454285714
0.330714286,0.422142857,0.340714286,0.454285714,0.698571429
0.422142857,0.340714286,0.454285714,0.698571429,1.657857143
0.340714286,0.454285714,0.698571429,1.657857143,2.006428571
0.454285714,0.698571429,1.657857143,2.006428571,4.191428571
0.698571429,1.657857143,2.006428571,4.191428571,17.45142857
1.657857143,2.006428571,4.191428571,17.45142857,12.27642857
2.006428571,4.191428571,17.45142857,12.27642857,6.865714286
4.191428571,17.45142857,12.27642857,6.865714286,3.707857143
17.45142857,12.27642857,6.865714286,3.707857143,0.922857143
12.27642857,6.865714286,3.707857143,0.922857143,1.116428571
6.865714286,3.707857143,0.922857143,1.116428571,1.231428571
3.707857143,0.922857143,1.116428571,1.231428571,0.59
0.922857143,1.116428571,1.231428571,0.59,0.212142857
1.116428571,1.231428571,0.59,0.212142857,0.185714286
1.231428571,0.59,0.212142857,0.185714286,0.188571429
0.59,0.212142857,0.185714286,0.188571429,0.161428571
0.212142857,0.185714286,0.188571429,0.161428571,0.177142857
0.185714286,0.188571429,0.161428571,0.177142857,0.18
0.188571429,0.161428571,0.177142857,0.18,0.51
0.161428571,0.177142857,0.18,0.51,0.943571429
0.177142857,0.18,0.51,0.943571429,0.501428571
0.18,0.51,0.943571429,0.501428571,0.492142857
0.51,0.943571429,0.501428571,0.492142857,0.627142857
0.943571429,0.501428571,0.492142857,0.627142857,0.554285714
0.501428571,0.492142857,0.627142857,0.554285714,0.375714286
0.492142857,0.627142857,0.554285714,0.375714286,0.42
0.627142857,0.554285714,0.375714286,0.42,0.398571429
0.554285714,0.375714286,0.42,0.398571429,0.43
0.375714286,0.42,0.398571429,0.43,0.411428571
0.42,0.398571429,0.43,0.411428571,0.587857143
0.398571429,0.43,0.411428571,0.587857143,1.205
0.43,0.411428571,0.587857143,1.205,1.092857143
0.411428571,0.587857143,1.205,1.092857143,0.470714286
0.587857143,1.205,1.092857143,0.470714286,0.206428571
1.205,1.092857143,0.470714286,0.206428571,0.083571429
1.092857143,0.470714286,0.206428571,0.083571429,0.061428571
0.470714286,0.206428571,0.083571429,0.061428571,0.030714286
0.206428571,0.083571429,0.061428571,0.030714286,0.026428571
0.083571429,0.061428571,0.030714286,0.026428571,0.02
0.061428571,0.030714286,0.026428571,0.02,0.02
0.030714286,0.026428571,0.02,0.02,0.032142857
0.026428571,0.02,0.02,0.032142857,0.047142857
0.02,0.02,0.032142857,0.047142857,0.037857143
0.02,0.032142857,0.047142857,0.037857143,0.045714286
0.032142857,0.047142857,0.037857143,0.045714286,0.062857143
0.047142857,0.037857143,0.045714286,0.062857143,0.07
0.037857143,0.045714286,0.062857143,0.07,0.062142857
0.045714286,0.062857143,0.07,0.062142857,0.054285714
0.062857143,0.07,0.062142857,0.054285714,0.102142857
0.07,0.062142857,0.054285714,0.102142857,0.109285714
0.062142857,0.054285714,0.102142857,0.109285714,0.171428571
0.054285714,0.102142857,0.109285714,0.171428571,0.377142857
0.102142857,0.109285714,0.171428571,0.377142857,1.535
0.109285714,0.171428571,0.377142857,1.535,0.474285714
0.171428571,0.377142857,1.535,0.474285714,1.692857143
0.377142857,1.535,0.474285714,1.692857143,1.892142857
1.535,0.474285714,1.692857143,1.892142857,2.137142857
0.474285714,1.692857143,1.892142857,2.137142857,2.764285714
1.692857143,1.892142857,2.137142857,2.764285714,1.545
1.892142857,2.137142857,2.764285714,1.545,0.951428571
2.137142857,2.764285714,1.545,0.951428571,0.277857143
2.764285714,1.545,0.951428571,0.277857143,0.087857143
1.545,0.951428571,0.277857143,0.087857143,0.055714286
0.951428571,0.277857143,0.087857143,0.055714286,0.034285714
0.277857143,0.087857143,0.055714286,0.034285714,0.359285714
0.087857143,0.055714286,0.034285714,0.359285714,0.02
0.055714286,0.034285714,0.359285714,0.02,0.012142857
0.034285714,0.359285714,0.02,0.012142857,0.017142857
0.359285714,0.02,0.012142857,0.017142857,0.023571429
0.02,0.012142857,0.017142857,0.023571429,0.042857143
0.012142857,0.017142857,0.023571429,0.042857143,0.067142857
0.017142857,0.023571429,0.042857143,0.067142857,0.065714286
0.023571429,0.042857143,0.067142857,0.065714286,0.082857143
0.042857143,0.067142857,0.065714286,0.082857143,0.129285714
0.067142857,0.065714286,0.082857143,0.129285714,0.220714286
0.065714286,0.082857143,0.129285714,0.220714286,0.202857143
0.082857143,0.129285714,0.220714286,0.202857143,0.200714286
0.129285714,0.220714286,0.202857143,0.200714286,0.266428571
0.220714286,0.202857143,0.200714286,0.266428571,0.261428571
0.202857143,0.200714286,0.266428571,0.261428571,0.282142857
0.200714286,0.266428571,0.261428571,0.282142857,0.318571429
0.266428571,0.261428571,0.282142857,0.318571429,0.290714286
0.261428571,0.282142857,0.318571429,0.290714286,0.329285714
0.282142857,0.318571429,0.290714286,0.329285714,0.213571429
0.318571429,0.290714286,0.329285714,0.213571429,0.028571429
0.290714286,0.329285714,0.213571429,0.028571429,0.017142857
0.329285714,0.213571429,0.028571429,0.017142857,0.012142857
0.213571429,0.028571429,0.017142857,0.012142857,0.013714286
0.028571429,0.017142857,0.012142857,0.013714286,0.001
0.017142857,0.012142857,0.013714286,0.001,0.004857143
0.012142857,0.013714286,0.001,0.004857143,0.01
0.013714286,0.001,0.004857143,0.01,0.01
0.001,0.004857143,0.01,0.01,0.01
0.004857143,0.01,0.01,0.01,0.01
0.01,0.01,0.01,0.01,0.01
0.01,0.01,0.01,0.01,0.014285714
0.01,0.01,0.01,0.014285714,0.025714286
0.01,0.01,0.014285714,0.025714286,0.034285714
0.01,0.014285714,0.025714286,0.034285714,0.022142857
0.014285714,0.025714286,0.034285714,0.022142857,0.028571429
0.025714286,0.034285714,0.022142857,0.028571429,0.059285714
0.034285714,0.022142857,0.028571429,0.059285714,0.05
0.022142857,0.028571429,0.059285714,0.05,0.05
0.028571429,0.059285714,0.05,0.05,0.076428571
0.059285714,0.05,0.05,0.076428571,0.151428571
0.05,0.05,0.076428571,0.151428571,0.255714286
0.05,0.076428571,0.151428571,0.255714286,0.426428571
0.076428571,0.151428571,0.255714286,0.426428571,2.337142857
0.151428571,0.255714286,0.426428571,2.337142857,0.487857143
0.255714286,0.426428571,2.337142857,0.487857143,0.145714286
0.426428571,2.337142857,0.487857143,0.145714286,0.1
2.337142857,0.487857143,0.145714286,0.1,0.1
0.487857143,0.145714286,0.1,0.1,0.087857143
0.145714286,0.1,0.1,0.087857143,0.063571429
0.1,0.1,0.087857143,0.063571429,0.05
0.1,0.087857143,0.063571429,0.05,0.05
0.087857143,0.063571429,0.05,0.05,0.036
0.063571429,0.05,0.05,0.036,0.001
0.05,0.05,0.036,0.001,0.001
0.05,0.036,0.001,0.001,0.001
0.036,0.001,0.001,0.001,0.004857143
0.001,0.001,0.001,0.004857143,0.014285714
0.001,0.001,0.004857143,0.014285714,0.023571429
0.001,0.004857143,0.014285714,0.023571429,0.032857143
0.004857143,0.014285714,0.023571429,0.032857143,0.038571429
0.014285714,0.023571429,0.032857143,0.038571429,0.249285714
0.023571429,0.032857143,0.038571429,0.249285714,0.259285714
0.032857143,0.038571429,0.249285714,0.259285714,0.410714286
0.038571429,0.249285714,0.259285714,0.410714286,0.272857143
0.249285714,0.259285714,0.410714286,0.272857143,0.388571429
0.259285714,0.410714286,0.272857143,0.388571429,0.410714286
0.410714286,0.272857143,0.388571429,0.410714286,0.426428571
0.272857143,0.388571429,0.410714286,0.426428571,0.582142857
0.388571429,0.410714286,0.426428571,0.582142857,0.501428571
0.410714286,0.426428571,0.582142857,0.501428571,0.415714286
0.426428571,0.582142857,0.501428571,0.415714286,0.129285714
0.582142857,0.501428571,0.415714286,0.129285714,0.213571429
0.501428571,0.415714286,0.129285714,0.213571429,0.070714286
0.415714286,0.129285714,0.213571429,0.070714286,0.05
0.129285714,0.213571429,0.070714286,0.05,0.031428571
0.213571429,0.070714286,0.05,0.031428571,0.022857143
0.070714286,0.05,0.031428571,0.022857143,0.02
0.05,0.031428571,0.022857143,0.02,0.010714286
0.031428571,0.022857143,0.02,0.010714286,1.547857143
0.022857143,0.02,0.010714286,1.547857143,0.025
0.02,0.010714286,1.547857143,0.025,0.02
0.010714286,1.547857143,0.025,0.02,0.015714286
1.547857143,0.025,0.02,0.015714286,0.03
0.025,0.02,0.015714286,0.03,0.034285714
0.02,0.015714286,0.03,0.034285714,0.04
0.015714286,0.03,0.034285714,0.04,0.04
0.03,0.034285714,0.04,0.04,0.04
0.034285714,0.04,0.04,0.04,0.037142857
0.04,0.04,0.04,0.037142857,0.033571429
0.04,0.04,0.037142857,0.033571429,0.053571429
0.04,0.037142857,0.033571429,0.053571429,0.074285714
0.037142857,0.033571429,0.053571429,0.074285714,0.08
0.033571429,0.053571429,0.074285714,0.08,0.168571429
0.053571429,0.074285714,0.08,0.168571429,0.12
0.074285714,0.08,0.168571429,0.12,0.198571429
0.08,0.168571429,0.12,0.198571429,0.164285714
0.168571429,0.12,0.198571429,0.164285714,0.078571429
0.12,0.198571429,0.164285714,0.078571429,0.072142857
0.198571429,0.164285714,0.078571429,0.072142857,0.065
0.164285714,0.078571429,0.072142857,0.065,0.075
0.078571429,0.072142857,0.065,0.075,0.065
0.072142857,0.065,0.075,0.065,0.055714286
0.065,0.075,0.065,0.055714286,0.044285714
0.075,0.065,0.055714286,0.044285714,0.032857143
0.065,0.055714286,0.044285714,0.032857143,0.022142857
0.055714286,0.044285714,0.032857143,0.022142857,0.015
0.044285714,0.032857143,0.022142857,0.015,0.007428571
0.032857143,0.022142857,0.015,0.007428571,0.001857143
0.022142857,0.015,0.007428571,0.001857143,0.006857143
0.015,0.007428571,0.001857143,0.006857143,0.021571429
0.007428571,0.001857143,0.006857143,0.021571429,0.030928571
0.001857143,0.006857143,0.021571429,0.030928571,0.035785714
0.006857143,0.021571429,0.030928571,0.035785714,0.022071429
0.021571429,0.030928571,0.035785714,0.022071429,0.041285714
0.030928571,0.035785714,0.022071429,0.041285714,0.050214286
0.035785714,0.022071429,0.041285714,0.050214286,0.051428571
0.022071429,0.041285714,0.050214286,0.051428571,0.124428571
0.041285714,0.050214286,0.051428571,0.124428571,0.276285714
0.050214286,0.051428571,0.124428571,0.276285714,0.530714286
0.051428571,0.124428571,0.276285714,0.530714286,0.827142857
0.124428571,0.276285714,0.530714286,0.827142857,1.310285714
0.276285714,0.530714286,0.827142857,1.310285714,2.755714286
0.530714286,0.827142857,1.310285714,2.755714286,1.991428571
0.827142857,1.310285714,2.755714286,1.991428571,2.843571429
1.310285714,2.755714286,1.991428571,2.843571429,1.047571429
2.755714286,1.991428571,2.843571429,1.047571429,0.725571429
1.991428571,2.843571429,1.047571429,0.725571429,0.289642857
2.843571429,1.047571429,0.725571429,0.289642857,0.122571429
1.047571429,0.725571429,0.289642857,0.122571429,0.293785714
0.725571429,0.289642857,0.122571429,0.293785714,0.066928571
0.289642857,0.122571429,0.293785714,0.066928571,0.024214286
0.122571429,0.293785714,0.066928571,0.024214286,0.017
0.293785714,0.066928571,0.024214286,0.017,0.018857143
0.066928571,0.024214286,0.017,0.018857143,0.023571429
0.024214286,0.017,0.018857143,0.023571429,0.029285714
0.017,0.018857143,0.023571429,0.029285714,0.034071429
0.018857143,0.023571429,0.029285714,0.034071429,0.701071429
0.023571429,0.029285714,0.034071429,0.701071429,0.339428571
0.029285714,0.034071429,0.701071429,0.339428571,0.317571429
0.034071429,0.701071429,0.339428571,0.317571429,0.483285714
0.701071429,0.339428571,0.317571429,0.483285714,0.639714286
0.339428571,0.317571429,0.483285714,0.639714286,0.622214286
0.317571429,0.483285714,0.639714286,0.622214286,0.512571429
0.483285714,0.639714286,0.622214286,0.512571429,0.436214286
0.639714286,0.622214286,0.512571429,0.436214286,0.540928571
0.622214286,0.512571429,0.436214286,0.540928571,0.9445
0.512571429,0.436214286,0.540928571,0.9445,0.816214286
0.436214286,0.540928571,0.9445,0.816214286,1.418785714
0.540928571,0.9445,0.816214286,1.418785714,3.107857143
0.9445,0.816214286,1.418785714,3.107857143,1.345928571
0.816214286,1.418785714,3.107857143,1.345928571,0.907642857
1.418785714,3.107857143,1.345928571,0.907642857,0.604214286
3.107857143,1.345928571,0.907642857,0.604214286,0.347857143
1.345928571,0.907642857,0.604214286,0.347857143,0.108142857
0.907642857,0.604214286,0.347857143,0.108142857,1.623428571
0.604214286,0.347857143,0.108142857,1.623428571,0.414857143
0.347857143,0.108142857,1.623428571,0.414857143,0.182857143
0.108142857,1.623428571,0.414857143,0.182857143,0.104714286
1.623428571,0.414857143,0.182857143,0.104714286,0.0375
0.414857143,0.182857143,0.104714286,0.0375,0.034285714
0.182857143,0.104714286,0.0375,0.034285714,0.009571429
0.104714286,0.0375,0.034285714,0.009571429,0.043
0.0375,0.034285714,0.009571429,0.043,0.043857143
0.034285714,0.009571429,0.043,0.043857143,0.027714286
0.009571429,0.043,0.043857143,0.027714286,0.154928571
0.043,0.043857143,0.027714286,0.154928571,0.208142857
0.043857143,0.027714286,0.154928571,0.208142857,0.181357143
0.027714286,0.154928571,0.208142857,0.181357143,0.267071429
0.154928571,0.208142857,0.181357143,0.267071429,0.290428571
0.208142857,0.181357143,0.267071429,0.290428571,0.412214286
0.181357143,0.267071429,0.290428571,0.412214286,0.493571429
0.267071429,0.290428571,0.412214286,0.493571429,0.907785714
0.290428571,0.412214286,0.493571429,0.907785714,2.581428571
0.412214286,0.493571429,0.907785714,2.581428571,1.779285714
0.493571429,0.907785714,2.581428571,1.779285714,1.649285714
0.907785714,2.581428571,1.779285714,1.649285714,1.240928571
2.581428571,1.779285714,1.649285714,1.240928571,0.564857143
1.779285714,1.649285714,1.240928571,0.564857143,0.485928571
1.649285714,1.240928571,0.564857143,0.485928571,0.142642857
1.240928571,0.564857143,0.485928571,0.142642857,0.088285714
0.564857143,0.485928571,0.142642857,0.088285714,0.059785714
0.485928571,0.142642857,0.088285714,0.059785714,0.029142857
0.142642857,0.088285714,0.059785714,0.029142857,0.015785714
0.088285714,0.059785714,0.029142857,0.015785714,1.616928571
0.059785714,0.029142857,0.015785714,1.616928571,0.009928571
0.029142857,0.015785714,1.616928571,0.009928571,0.0055
0.015785714,1.616928571,0.009928571,0.0055,0.001357143
1.616928571,0.009928571,0.0055,0.001357143,0.008071429
0.009928571,0.0055,0.001357143,0.008071429,0.001
0.0055,0.001357143,0.008071429,0.001,0.078785714
0.001357143,0.008071429,0.001,0.078785714,0.107142857
0.008071429,0.001,0.078785714,0.107142857,0.192857143
0.001,0.078785714,0.107142857,0.192857143,0.221428571
0.078785714,0.107142857,0.192857143,0.221428571,0.185714286
0.107142857,0.192857143,0.221428571,0.185714286,0.25
0.192857143,0.221428571,0.185714286,0.25,0.392857143
0.221428571,0.185714286,0.25,0.392857143,0.785714286
0.185714286,0.25,0.392857143,0.785714286,0.542857143
0.25,0.392857143,0.785714286,0.542857143,0.5
0.392857143,0.785714286,0.542857143,0.5,0.642857143
0.785714286,0.542857143,0.5,0.642857143,0.785714286
0.542857143,0.5,0.642857143,0.785714286,0.592857143
0.5,0.642857143,0.785714286,0.592857143,0.278571429
0.642857143,0.785714286,0.592857143,0.278571429,0.3575
0.785714286,0.592857143,0.278571429,0.3575,0.001
0.592857143,0.278571429,0.3575,0.001,0.001
0.278571429,0.3575,0.001,0.001,0.015214286
0.3575,0.001,0.001,0.015214286,0.001
0.001,0.001,0.015214286,0.001,0.001
0.001,0.015214286,0.001,0.001,0.001
0.015214286,0.001,0.001,0.001,0.001
0.001,0.001,0.001,0.001,0.001
0.001,0.001,0.001,0.001,0.007642857
0.001,0.001,0.001,0.007642857,0.020928571
0.001,0.001,0.007642857,0.020928571,0.114857143
0.001,0.007642857,0.020928571,0.114857143,0.380142857
0.007642857,0.020928571,0.114857143,0.380142857,0.238642857
0.020928571,0.114857143,0.380142857,0.238642857,0.208714286
0.114857143,0.380142857,0.238642857,0.208714286,0.235214286
0.380142857,0.238642857,0.208714286,0.235214286,0.1965
0.238642857,0.208714286,0.235214286,0.1965,0.255357143
0.208714286,0.235214286,0.1965,0.255357143,0.309214286
0.235214286,0.1965,0.255357143,0.309214286,0.411857143
0.1965,0.255357143,0.309214286,0.411857143,0.440857143
0.255357143,0.309214286,0.411857143,0.440857143,0.597928571
0.309214286,0.411857143,0.440857143,0.597928571,1.678285714
0.411857143,0.440857143,0.597928571,1.678285714,7.493571429
0.440857143,0.597928571,1.678285714,7.493571429,4.177142857
0.597928571,1.678285714,7.493571429,4.177142857,2.41
1.678285714,7.493571429,4.177142857,2.41,1.032214286
7.493571429,4.177142857,2.41,1.032214286,0.402428571
4.177142857,2.41,1.032214286,0.402428571,0.185214286
2.41,1.032214286,0.402428571,0.185214286,0.001
1.032214286,0.402428571,0.185214286,0.001,0.007285714
0.402428571,0.185214286,0.001,0.007285714,0.007142857
0.185214286,0.001,0.007285714,0.007142857,0.004857143
0.001,0.007285714,0.007142857,0.004857143,0.064
0.007285714,0.007142857,0.004857143,0.064,0.0025
0.007142857,0.004857143,0.064,0.0025,0.031785714
0.004857143,0.064,0.0025,0.031785714,0.121928571
0.064,0.0025,0.031785714,0.121928571,0.215714286
0.0025,0.031785714,0.121928571,0.215714286,0.241
0.031785714,0.121928571,0.215714286,0.241,0.368
0.121928571,0.215714286,0.241,0.368,0.466785714
0.215714286,0.241,0.368,0.466785714,0.4375
0.241,0.368,0.466785714,0.4375,0.328142857
0.368,0.466785714,0.4375,0.328142857,0.194071429
0.466785714,0.4375,0.328142857,0.194071429,0.806214286
0.4375,0.328142857,0.194071429,0.806214286,0.709571429
0.328142857,0.194071429,0.806214286,0.709571429,1.000857143
0.194071429,0.806214286,0.709571429,1.000857143,1.173785714
0.806214286,0.709571429,1.000857143,1.173785714,1.192142857
0.709571429,1.000857143,1.173785714,1.192142857,0.708857143
1.000857143,1.173785714,1.192142857,0.708857143,0.284285714
1.173785714,1.192142857,0.708857143,0.284285714,0.1015
1.192142857,0.708857143,0.284285714,0.1015,0.041714286
0.708857143,0.284285714,0.1015,0.041714286,0.014714286
0.284285714,0.1015,0.041714286,0.014714286,0.0155
0.1015,0.041714286,0.014714286,0.0155,0.027928571
0.041714286,0.014714286,0.0155,0.027928571,0.007285714
0.014714286,0.0155,0.027928571,0.007285714,0.025928571
0.0155,0.027928571,0.007285714,0.025928571,0.012214286
0.027928571,0.007285714,0.025928571,0.012214286,0.470357143
0.007285714,0.025928571,0.012214286,0.470357143,0.019857143
0.025928571,0.012214286,0.470357143,0.019857143,0.028
0.012214286,0.470357143,0.019857143,0.028,0.018642857
0.470357143,0.019857143,0.028,0.018642857,0.056
0.019857143,0.028,0.018642857,0.056,0.100857143
0.028,0.018642857,0.056,0.100857143,0.144857143
0.018642857,0.056,0.100857143,0.144857143,0.207285714
0.056,0.100857143,0.144857143,0.207285714,0.190357143
0.100857143,0.144857143,0.207285714,0.190357143,0.203714286
0.144857143,0.207285714,0.190357143,0.203714286,0.192214286
0.207285714,0.190357143,0.203714286,0.192214286,0.288285714
0.190357143,0.203714286,0.192214286,0.288285714,0.446857143
0.203714286,0.192214286,0.288285714,0.446857143,0.446928571
0.192214286,0.288285714,0.446857143,0.446928571,0.3015
0.288285714,0.446857143,0.446928571,0.3015,0.431071429
0.446857143,0.446928571,0.3015,0.431071429,1.831357143
0.446928571,0.3015,0.431071429,1.831357143,1.765
0.3015,0.431071429,1.831357143,1.765,3.462857143
0.431071429,1.831357143,1.765,3.462857143,0.740357143
1.831357143,1.765,3.462857143,0.740357143,0.284785714
1.765,3.462857143,0.740357143,0.284785714,0.410071429
3.462857143,0.740357143,0.284785714,0.410071429,0.267428571
0.740357143,0.284785714,0.410071429,0.267428571,0.095571429
0.284785714,0.410071429,0.267428571,0.095571429,0.033214286
0.410071429,0.267428571,0.095571429,0.033214286,0.023642857
0.267428571,0.095571429,0.033214286,0.023642857,0.018071429
0.095571429,0.033214286,0.023642857,0.018071429,0.023142857
0.033214286,0.023642857,0.018071429,0.023142857,0.031142857
0.023642857,0.018071429,0.023142857,0.031142857,0.054428571
0.018071429,0.023142857,0.031142857,0.054428571,0.032214286
0.023142857,0.031142857,0.054428571,0.032214286,0.166571429
0.031142857,0.054428571,0.032214286,0.166571429,0.265428571
0.054428571,0.032214286,0.166571429,0.265428571,0.328785714
0.032214286,0.166571429,0.265428571,0.328785714,0.315
0.166571429,0.265428571,0.328785714,0.315,0.315
0.265428571,0.328785714,0.315,0.315,0.291428571
0.328785714,0.315,0.315,0.291428571,0.270714286
0.315,0.315,0.291428571,0.270714286,0.331571429
0.315,0.291428571,0.270714286,0.331571429,0.333857143
0.291428571,0.270714286,0.331571429,0.333857143,0.48
0.270714286,0.331571429,0.333857143,0.48,0.503571429
0.331571429,0.333857143,0.48,0.503571429,0.347642857
0.333857143,0.48,0.503571429,0.347642857,1.2275
0.48,0.503571429,0.347642857,1.2275,1.221071429
0.503571429,0.347642857,1.2275,1.221071429,0.714714286
0.347642857,1.2275,1.221071429,0.714714286,0.144142857
1.2275,1.221071429,0.714714286,0.144142857,0.035285714
1.221071429,0.714714286,0.144142857,0.035285714,0.031285714
0.714714286,0.144142857,0.035285714,0.031285714,0.034857143
0.144142857,0.035285714,0.031285714,0.034857143,0.068142857
0.035285714,0.031285714,0.034857143,0.068142857,0.088214286
0.031285714,0.034857143,0.068142857,0.088214286,0.027214286
0.034857143,0.068142857,0.088214286,0.027214286,0.023285714
0.068142857,0.088214286,0.027214286,0.023285714,0.024714286
0.088214286,0.027214286,0.023285714,0.024714286,0.031928571
0.027214286,0.023285714,0.024714286,0.031928571,0.032142857
0.023285714,0.024714286,0.031928571,0.032142857,0.075142857
0.024714286,0.031928571,0.032142857,0.075142857,0.076714286
0.031928571,0.032142857,0.075142857,0.076714286,0.111642857
0.032142857,0.075142857,0.076714286,0.111642857,0.178428571
0.075142857,0.076714286,0.111642857,0.178428571,0.249714286
0.076714286,0.111642857,0.178428571,0.249714286,0.307642857
0.111642857,0.178428571,0.249714286,0.307642857,0.358
0.178428571,0.249714286,0.307642857,0.358,0.400785714
0.249714286,0.307642857,0.358,0.400785714,0.404071429
0.307642857,0.358,0.400785714,0.404071429,0.484071429
0.358,0.400785714,0.404071429,0.484071429,0.7425
0.400785714,0.404071429,0.484071429,0.7425,1.200214286
0.404071429,0.484071429,0.7425,1.200214286,0.462214286
0.484071429,0.7425,1.200214286,0.462214286,0.474357143
0.7425,1.200214286,0.462214286,0.474357143,0.165357143
1.200214286,0.462214286,0.474357143,0.165357143,0.164142857
0.462214286,0.474357143,0.165357143,0.164142857,0.125285714
0.474357143,0.165357143,0.164142857,0.125285714,0.072571429
0.165357143,0.164142857,0.125285714,0.072571429,0.028214286
0.164142857,0.125285714,0.072571429,0.028214286,0.026142857
0.125285714,0.072571429,0.028214286,0.026142857,0.020428571
0.072571429,0.028214286,0.026142857,0.020428571,0.023428571
0.028214286,0.026142857,0.020428571,0.023428571,0.038
0.026142857,0.020428571,0.023428571,0.038,0.083857143
0.020428571,0.023428571,0.038,0.083857143,0.093928571
0.023428571,0.038,0.083857143,0.093928571,0.092071429
0.038,0.083857143,0.093928571,0.092071429,0.551
0.083857143,0.093928571,0.092071429,0.551,0.589571429
0.093928571,0.092071429,0.551,0.589571429,0.351285714
0.092071429,0.551,0.589571429,0.351285714,0.328571429
0.551,0.589571429,0.351285714,0.328571429,0.065428571
0.589571429,0.351285714,0.328571429,0.065428571,0.084
0.351285714,0.328571429,0.065428571,0.084,0.183071429
0.328571429,0.065428571,0.084,0.183071429,0.107714286
0.065428571,0.084,0.183071429,0.107714286,0.145857143
0.084,0.183071429,0.107714286,0.145857143,0.294428571
0.183071429,0.107714286,0.145857143,0.294428571,0.380928571
0.107714286,0.145857143,0.294428571,0.380928571,0.904285714
0.145857143,0.294428571,0.380928571,0.904285714,1.181785714
0.294428571,0.380928571,0.904285714,1.181785714,0.489714286
0.380928571,0.904285714,1.181785714,0.489714286,0.137642857
0.904285714,1.181785714,0.489714286,0.137642857,0.120571429
1.181785714,0.489714286,0.137642857,0.120571429,0.078071429
0.489714286,0.137642857,0.120571429,0.078071429,0.086357143
0.137642857,0.120571429,0.078071429,0.086357143,0.079642857
0.120571429,0.078071429,0.086357143,0.079642857,0.049142857
0.078071429,0.086357143,0.079642857,0.049142857,0.056571429
0.086357143,0.079642857,0.049142857,0.056571429,0.062928571
0.079642857,0.049142857,0.056571429,0.062928571,0.069857143
0.049142857,0.056571429,0.062928571,0.069857143,0.092285714
0.056571429,0.062928571,0.069857143,0.092285714,0.050642857
0.062928571,0.069857143,0.092285714,0.050642857,0.038071429
0.069857143,0.092285714,0.050642857,0.038071429,0.044857143
0.092285714,0.050642857,0.038071429,0.044857143,0.100285714
0.050642857,0.038071429,0.044857143,0.100285714,0.269428571
0.038071429,0.044857143,0.100285714,0.269428571,0.271285714
0.044857143,0.100285714,0.269428571,0.271285714,0.244571429
0.100285714,0.269428571,0.271285714,0.244571429,0.228571429
0.269428571,0.271285714,0.244571429,0.228571429,0.281357143
0.271285714,0.244571429,0.228571429,0.281357143,0.326142857
0.244571429,0.228571429,0.281357143,0.326142857,0.339214286
0.228571429,0.281357143,0.326142857,0.339214286,0.396928571
0.281357143,0.326142857,0.339214286,0.396928571,0.417785714
0.326142857,0.339214286,0.396928571,0.417785714,0.276571429
0.339214286,0.396928571,0.417785714,0.276571429,0.128071429
0.396928571,0.417785714,0.276571429,0.128071429,0.050142857
0.417785714,0.276571429,0.128071429,0.050142857,0.093428571
0.276571429,0.128071429,0.050142857,0.093428571,0.085857143
0.128071429,0.050142857,0.093428571,0.085857143,0.039
0.050142857,0.093428571,0.085857143,0.039,0.019071429
0.093428571,0.085857143,0.039,0.019071429,0.014
0.085857143,0.039,0.019071429,0.014,0.020428571
0.039,0.019071429,0.014,0.020428571,0.027357143
0.019071429,0.014,0.020428571,0.027357143,0.023571429
0.014,0.020428571,0.027357143,0.023571429,0.020428571
0.020428571,0.027357143,0.023571429,0.020428571,0.042571429
0.027357143,0.023571429,0.020428571,0.042571429,0.045857143
0.023571429,0.020428571,0.042571429,0.045857143,0.038214286
0.020428571,0.042571429,0.045857143,0.038214286,0.063285714
0.042571429,0.045857143,0.038214286,0.063285714,0.051142857
0.045857143,0.038214286,0.063285714,0.051142857,0.080071429
0.038214286,0.063285714,0.051142857,0.080071429,0.273571429
0.063285714,0.051142857,0.080071429,0.273571429,0.392
0.051142857,0.080071429,0.273571429,0.392,0.343642857
0.080071429,0.273571429,0.392,0.343642857,0.342642857
0.273571429,0.392,0.343642857,0.342642857,0.436071429
0.392,0.343642857,0.342642857,0.436071429,0.532
0.343642857,0.342642857,0.436071429,0.532,0.748428571
0.342642857,0.436071429,0.532,0.748428571,1.028071429
0.436071429,0.532,0.748428571,1.028071429,0.989428571
0.532,0.748428571,1.028071429,0.989428571,1.174071429
0.748428571,1.028071429,0.989428571,1.174071429,0.434857143
1.028071429,0.989428571,1.174071429,0.434857143,0.085642857
0.989428571,1.174071429,0.434857143,0.085642857,0.124
1.174071429,0.434857143,0.085642857,0.124,0.100071429
0.434857143,0.085642857,0.124,0.100071429,0.068714286
0.085642857,0.124,0.100071429,0.068714286,0.035714286
0.124,0.100071429,0.068714286,0.035714286,0.019285714
0.100071429,0.068714286,0.035714286,0.019285714,0.017642857
0.068714286,0.035714286,0.019285714,0.017642857,0.027
0.035714286,0.019285714,0.017642857,0.027,0.0315
0.019285714,0.017642857,0.027,0.0315,0.061857143
0.017642857,0.027,0.0315,0.061857143,0.046428571
0.027,0.0315,0.061857143,0.046428571,0.056785714
0.0315,0.061857143,0.046428571,0.056785714,0.092571429
0.061857143,0.046428571,0.056785714,0.092571429,0.086
0.046428571,0.056785714,0.092571429,0.086,0.056928571
0.056785714,0.092571429,0.086,0.056928571,0.053
0.092571429,0.086,0.056928571,0.053,0.117142857
0.086,0.056928571,0.053,0.117142857,0.186357143
0.056928571,0.053,0.117142857,0.186357143,0.196857143
0.053,0.117142857,0.186357143,0.196857143,0.252571429
0.117142857,0.186357143,0.196857143,0.252571429,0.248714286
0.186357143,0.196857143,0.252571429,0.248714286,0.282142857
0.196857143,0.252571429,0.248714286,0.282142857,0.279428571
0.252571429,0.248714286,0.282142857,0.279428571,0.476285714
0.248714286,0.282142857,0.279428571,0.476285714,0.474857143
0.282142857,0.279428571,0.476285714,0.474857143,0.089
0.279428571,0.476285714,0.474857143,0.089,0.043
0.476285714,0.474857143,0.089,0.043,0.018071429
0.474857143,0.089,0.043,0.018071429,0.04
0.089,0.043,0.018071429,0.04,0.014142857
0.043,0.018071429,0.04,0.014142857,0.0085
0.018071429,0.04,0.014142857,0.0085,0.031785714
0.04,0.014142857,0.0085,0.031785714,0.046928571
0.014142857,0.0085,0.031785714,0.046928571,0.041214286
0.0085,0.031785714,0.046928571,0.041214286,0.054214286
0.031785714,0.046928571,0.041214286,0.054214286,0.552714286
0.046928571,0.041214286,0.054214286,0.552714286,0.044642857
0.041214286,0.054214286,0.552714286,0.044642857,0.0265
0.054214286,0.552714286,0.044642857,0.0265,0.118357143
0.552714286,0.044642857,0.0265,0.118357143,0.064
0.044642857,0.0265,0.118357143,0.064,0.048214286
0.0265,0.118357143,0.064,0.048214286,0.040642857
0.118357143,0.064,0.048214286,0.040642857,0.046928571
0.064,0.048214286,0.040642857,0.046928571,0.126928571
0.048214286,0.040642857,0.046928571,0.126928571,0.249285714
0.040642857,0.046928571,0.126928571,0.249285714,0.207642857
0.046928571,0.126928571,0.249285714,0.207642857,0.220214286
0.126928571,0.249285714,0.207642857,0.220214286,0.192214286
0.249285714,0.207642857,0.220214286,0.192214286,0.4245
0.207642857,0.220214286,0.192214286,0.4245,2.021571429
0.220214286,0.192214286,0.4245,2.021571429,2.884285714
0.192214286,0.4245,2.021571429,2.884285714,1.654785714
0.4245,2.021571429,2.884285714,1.654785714,0.529428571
2.021571429,2.884285714,1.654785714,0.529428571,0.174071429
2.884285714,1.654785714,0.529428571,0.174071429,0.082357143
1.654785714,0.529428571,0.174071429,0.082357143,0.074285714
0.529428571,0.174071429,0.082357143,0.074285714,0.037928571
0.174071429,0.082357143,0.074285714,0.037928571,0.020357143
0.082357143,0.074285714,0.037928571,0.020357143,0.016642857
0.074285714,0.037928571,0.020357143,0.016642857,0.026071429
0.037928571,0.020357143,0.016642857,0.026071429,0.024642857
0.020357143,0.016642857,0.026071429,0.024642857,0.035285714
0.016642857,0.026071429,0.024642857,0.035285714,0.030357143
0.026071429,0.024642857,0.035285714,0.030357143,0.059928571
0.024642857,0.035285714,0.030357143,0.059928571,0.082857143
0.035285714,0.030357143,0.059928571,0.082857143,0.073357143
0.030357143,0.059928571,0.082857143,0.073357143,0.268714286
0.059928571,0.082857143,0.073357143,0.268714286,0.167571429
0.082857143,0.073357143,0.268714286,0.167571429,0.231571429
0.073357143,0.268714286,0.167571429,0.231571429,0.305214286
0.268714286,0.167571429,0.231571429,0.305214286,0.307642857
0.167571429,0.231571429,0.305214286,0.307642857,0.258642857
0.231571429,0.305214286,0.307642857,0.258642857,0.235142857
0.305214286,0.307642857,0.258642857,0.235142857,0.349642857
0.307642857,0.258642857,0.235142857,0.349642857,0.603785714
0.258642857,0.235142857,0.349642857,0.603785714,1.371357143
0.235142857,0.349642857,0.603785714,1.371357143,3.12
0.349642857,0.603785714,1.371357143,3.12,2.856428571
0.603785714,1.371357143,3.12,2.856428571,1.266357143
1.371357143,3.12,2.856428571,1.266357143,0.226357143
3.12,2.856428571,1.266357143,0.226357143,0.191142857
2.856428571,1.266357143,0.226357143,0.191142857,0.061285714
1.266357143,0.226357143,0.191142857,0.061285714,0.100642857
0.226357143,0.191142857,0.061285714,0.100642857,0.144357143
0.191142857,0.061285714,0.100642857,0.144357143,0.037
0.061285714,0.100642857,0.144357143,0.037,0.065
0.100642857,0.144357143,0.037,0.065,0.019
0.144357143,0.037,0.065,0.019,0.016785714
0.037,0.065,0.019,0.016785714,0.090714286
0.065,0.019,0.016785714,0.090714286,0.0495
0.019,0.016785714,0.090714286,0.0495,0.0505
0.016785714,0.090714286,0.0495,0.0505,0.162
0.090714286,0.0495,0.0505,0.162,0.255
0.0495,0.0505,0.162,0.255,0.270142857
0.0505,0.162,0.255,0.270142857,0.285
0.162,0.255,0.270142857,0.285,0.320857143
0.255,0.270142857,0.285,0.320857143,0.367857143
0.270142857,0.285,0.320857143,0.367857143,0.27
0.285,0.320857143,0.367857143,0.27,0.454928571
0.320857143,0.367857143,0.27,0.454928571,0.539142857
0.367857143,0.27,0.454928571,0.539142857,0.444857143
0.27,0.454928571,0.539142857,0.444857143,0.478714286
0.454928571,0.539142857,0.444857143,0.478714286,0.193571429
0.539142857,0.444857143,0.478714286,0.193571429,0.547785714
0.444857143,0.478714286,0.193571429,0.547785714,1.222571429
0.478714286,0.193571429,0.547785714,1.222571429,0.841357143
0.193571429,0.547785714,1.222571429,0.841357143,0.210142857
0.547785714,1.222571429,0.841357143,0.210142857,0.117928571
1.222571429,0.841357143,0.210142857,0.117928571,0.156
0.841357143,0.210142857,0.117928571,0.156,0.019571429
0.210142857,0.117928571,0.156,0.019571429,0.009928571
0.117928571,0.156,0.019571429,0.009928571,0.021428571
0.156,0.019571429,0.009928571,0.021428571,0.023214286
0.019571429,0.009928571,0.021428571,0.023214286,0.045714286
0.009928571,0.021428571,0.023214286,0.045714286,0.018214286
0.021428571,0.023214286,0.045714286,0.018214286,0.034571429
0.023214286,0.045714286,0.018214286,0.034571429,0.070285714
0.045714286,0.018214286,0.034571429,0.070285714,0.072571429
0.018214286,0.034571429,0.070285714,0.072571429,0.241357143
0.034571429,0.070285714,0.072571429,0.241357143,0.346214286
0.070285714,0.072571429,0.241357143,0.346214286,0.208285714
0.072571429,0.241357143,0.346214286,0.208285714,0.274357143
0.241357143,0.346214286,0.208285714,0.274357143,0.3115
0.346214286,0.208285714,0.274357143,0.3115,0.497285714
0.208285714,0.274357143,0.3115,0.497285714,0.428
0.274357143,0.3115,0.497285714,0.428,0.472
0.3115,0.497285714,0.428,0.472,0.357214286
0.497285714,0.428,0.472,0.357214286,5.544
0.428,0.472,0.357214286,5.544,9.03
0.472,0.357214286,5.544,9.03,4.975
0.357214286,5.544,9.03,4.975,3.066428571
5.544,9.03,4.975,3.066428571,1.323571429
9.03,4.975,3.066428571,1.323571429,0.983285714
4.975,3.066428571,1.323571429,0.983285714,0.4465
3.066428571,1.323571429,0.983285714,0.4465,0.790571429
1.323571429,0.983285714,0.4465,0.790571429,0.324785714
0.983285714,0.4465,0.790571429,0.324785714,0.134285714
0.4465,0.790571429,0.324785714,0.134285714,0.088
0.790571429,0.324785714,0.134285714,0.088,0.111857143
0.324785714,0.134285714,0.088,0.111857143,0.088714286
0.134285714,0.088,0.111857143,0.088714286,0.105357143
0.088,0.111857143,0.088714286,0.105357143,0.145071429
0.111857143,0.088714286,0.105357143,0.145071429,2.313214286
0.088714286,0.105357143,0.145071429,2.313214286,0.864714286
0.105357143,0.145071429,2.313214286,0.864714286,0.619142857
0.145071429,2.313214286,0.864714286,0.619142857,0.477214286
2.313214286,0.864714286,0.619142857,0.477214286,0.704357143
0.864714286,0.619142857,0.477214286,0.704357143,0.639928571
0.619142857,0.477214286,0.704357143,0.639928571,0.571
0.477214286,0.704357143,0.639928571,0.571,0.766142857
0.704357143,0.639928571,0.571,0.766142857,0.788428571
0.639928571,0.571,0.766142857,0.788428571,4.392357143
0.571,0.766142857,0.788428571,4.392357143,2.845714286
0.766142857,0.788428571,4.392357143,2.845714286,3.469285714
0.788428571,4.392357143,2.845714286,3.469285714,7.166428571
4.392357143,2.845714286,3.469285714,7.166428571,6.95
2.845714286,3.469285714,7.166428571,6.95,5.47
3.469285714,7.166428571,6.95,5.47,3.81
7.166428571,6.95,5.47,3.81,1.986428571
6.95,5.47,3.81,1.986428571,1.298928571
5.47,3.81,1.986428571,1.298928571,0.743071429
3.81,1.986428571,1.298928571,0.743071429,0.595428571
1.986428571,1.298928571,0.743071429,0.595428571,0.914785714
1.298928571,0.743071429,0.595428571,0.914785714,0.842071429
0.743071429,0.595428571,0.914785714,0.842071429,0.3395
0.595428571,0.914785714,0.842071429,0.3395,0.229785714
0.914785714,0.842071429,0.3395,0.229785714,0.206
